Name, Has TP Support, Has Auto Solver
.--/---/..-., TRUE, TRUE
_Play_, TRUE, TRUE
+, TRUE, TRUE
↻↺, TRUE, TRUE
❖, TRUE, TRUE
0, TRUE, TRUE
1+2=3, TRUE, TRUE
1×1×1 Rubik's Cube, TRUE, TRUE
100 Levels of Defusal, TRUE, TRUE
12trap, TRUE, TRUE
14, TRUE, TRUE
15 Mystic Lights, TRUE, TRUE
1D Chess, TRUE, TRUE
1D Maze, TRUE, TRUE
2048, TRUE, TRUE
21, TRUE, TRUE
24, TRUE, TRUE
"27,644,437", TRUE, TRUE
3×3 Grid, TRUE, TRUE
3D Maze, TRUE, TRUE
3D Tap Code, TRUE, TRUE
3D Tunnels, TRUE, TRUE
3N+1, TRUE, TRUE
4 Buttons, TRUE, TRUE
42, TRUE, TRUE
4D Maze, TRUE, TRUE
501, TRUE, TRUE
64, TRUE, TRUE
7, TRUE, TRUE
8, TRUE, TRUE
81, TRUE, TRUE
9-Ball, TRUE, TRUE
A Massive Amount of Wires, TRUE, TRUE
A Message, TRUE, TRUE
A Square, TRUE, TRUE
A>N<D, TRUE, TRUE
A-90, TRUE, TRUE
AAAAA, TRUE, TRUE
Abilities, TRUE, TRUE
Abstract Sequences, TRUE, TRUE
A-button-ing Mazes, TRUE, TRUE
Abyss, TRUE, TRUE
Accelerando, TRUE, TRUE
Access Codes, TRUE, TRUE
Actions and Consequences, TRUE, TRUE
Activities, TRUE, TRUE
Add Nauseam, TRUE, TRUE
Addition, TRUE, TRUE
Adjacent Letters, TRUE, TRUE
Adjacent Letters (Russian), TRUE, TRUE
Advanced Shapes and Colors, TRUE, TRUE
Adventure Plan, TRUE, TRUE
Affine Cycle, TRUE, TRUE
Air Strikes, TRUE, TRUE
Air Traffic Controller, TRUE, TRUE
Alarming, TRUE, TRUE
Albuquerque, TRUE, TRUE
Alchemy, TRUE, TRUE
Alcoholic Rampage, TRUE, TRUE
Alfa-Bravo, TRUE, TRUE
Algorithmia, TRUE, TRUE
Alien Filing Colors, TRUE, TRUE
Alliances, TRUE, TRUE
Alpha, TRUE, TRUE
Alphabet, TRUE, TRUE
Alphabet Buttons, TRUE, TRUE
Alphabetical Order, TRUE, TRUE
Alphabetical Ruling, TRUE, TRUE
Alphabetize, TRUE, TRUE
Alpha-Bits, TRUE, TRUE
Alpha-meta-cal Order, TRUE, TRUE
A-maze-ing Buttons, TRUE, TRUE
Amazing Hexabuttons, TRUE, TRUE
AMM-041-292, TRUE, TRUE
Amnesia, TRUE, TRUE
Among the Colors, TRUE, TRUE
Anagraphy, TRUE, TRUE
Ángel Hernández, TRUE, TRUE
Angles, TRUE, TRUE
Annoying Arrows, TRUE, TRUE
Annoying Puzzle, TRUE, TRUE
Anomia, TRUE, TRUE
Answer Smash, TRUE, TRUE
Answering Can Be Fun, TRUE, TRUE
Answering Questions, TRUE, TRUE
Antichamber, TRUE, TRUE
Antimatter Dimensions, TRUE, TRUE
Anti-Memory, TRUE, TRUE
Antistress, TRUE, TRUE
Aquarium, TRUE, TRUE
Area Split, TRUE, TRUE
Arithmetic Cipher, TRUE, TRUE
Arrow Talk, TRUE, TRUE
Ars Goetia Identification, TRUE, TRUE
Art Pricing, TRUE, TRUE
ASCII Art, TRUE, TRUE
ASCII Maze, TRUE, TRUE
Assembly Code, TRUE, TRUE
Astrological, TRUE, TRUE
Atbash Cipher, TRUE, TRUE
Atlantis, TRUE, TRUE
Audio Keypad, TRUE, TRUE
Autokey, TRUE, TRUE
Baba Is Who?, TRUE, TRUE
Baby Who's on First, TRUE, TRUE
Baccarat, TRUE, TRUE
Back Buttons, TRUE, TRUE
Backdoor Keypad, TRUE, TRUE
Backgrounds, TRUE, TRUE
Bad Bones, TRUE, TRUE
Bad Wording, TRUE, TRUE
BadTV, TRUE, TRUE
Badugi, TRUE, TRUE
Baffling Box, TRUE, TRUE
Bag Search, TRUE, TRUE
Bakery, TRUE, TRUE
Ball Dial, TRUE, TRUE
Bamboozled Again, TRUE, TRUE
Bamboozling Button, TRUE, TRUE
Bamboozling Button Grid, TRUE, TRUE
Bamboozling Directional Button, TRUE, TRUE
Bamboozling Time Keeper, TRUE, TRUE
Bandboozled Again, TRUE, TRUE
Bar Charts, TRUE, TRUE
Barcode Cipher, TRUE, TRUE
Base Conversion, TRUE, TRUE
Base Off, TRUE, TRUE
Base On, TRUE, TRUE
Base-1, TRUE, TRUE
Basegate, TRUE, TRUE
Basic Morse, TRUE, TRUE
Battle of Wits, TRUE, TRUE
Battleship, TRUE, TRUE
Baybayin Words, TRUE, TRUE
Bean Sprouts, TRUE, TRUE
Beanboozled Again, TRUE, TRUE
Beans, TRUE, TRUE
Beatblock, TRUE, TRUE
Bell of Tío, TRUE, TRUE
Bengo Talk, TRUE, TRUE
Bicolored Squares, TRUE, TRUE
Big Bean, TRUE, TRUE
Big Bike Repair, TRUE, TRUE
Big Circle, TRUE, TRUE
Binary, TRUE, TRUE
Binary Buttons, TRUE, TRUE
Binary Cipher, TRUE, TRUE
Binary Grid, TRUE, TRUE
Binary Juggle, TRUE, TRUE
Binary Memory, TRUE, TRUE
Binary Morse, TRUE, TRUE
Binary Puzzle, TRUE, TRUE
Binary Search, TRUE, TRUE
Binary Shift, TRUE, TRUE
Binary Squares, TRUE, TRUE
Binary Tango, TRUE, TRUE
Birthday Cake, TRUE, TRUE
Birthdays, TRUE, TRUE
Bitmaps, TRUE, TRUE
BizzFuzz, TRUE, TRUE
Black, TRUE, TRUE
Black Arrows, TRUE, TRUE
Black Cipher, TRUE, TRUE
Black Hexabuttons, TRUE, TRUE
Black Hole, TRUE, TRUE
Black Screens, TRUE, TRUE
Black Sudoku, TRUE, TRUE
Blackout, TRUE, TRUE
Blananas2, TRUE, TRUE
Blank Card, TRUE, TRUE
Blank Slate, TRUE, TRUE
Blaseball, TRUE, TRUE
Blind Alley, TRUE, TRUE
Blind Arrows, TRUE, TRUE
Blind Circle, TRUE, TRUE
Blind Math, TRUE, TRUE
Blindfolded Rubik's Clock, TRUE, TRUE
Blindfolded Yahtzee, TRUE, TRUE
Blinker, TRUE, TRUE
Blinking Notes, TRUE, TRUE
Blinkstop, TRUE, TRUE
Block Stacks, TRUE, TRUE
Bloxx, TRUE, TRUE
Blue, TRUE, TRUE
Blue Arrows, TRUE, TRUE
Blue Button't, TRUE, TRUE
Blue Cipher, TRUE, TRUE
Blue Hexabuttons, TRUE, TRUE
Blue Huffman Cipher, TRUE, TRUE
Blue Levers, TRUE, TRUE
Blue Sudoku, TRUE, TRUE
Blue Whale, TRUE, TRUE
Bob Barks, TRUE, TRUE
Bob's Parable, TRUE, TRUE
Bomb Corp. Filing, TRUE, TRUE
Bomb Diffusal, TRUE, TRUE
Bomb It!, TRUE, TRUE
Bomb It! Translated, TRUE, TRUE
Bone Apple Tea, TRUE, TRUE
Boob Tube, TRUE, TRUE
Book of Mario, TRUE, TRUE
Boolean Network, TRUE, TRUE
Boolean Wires, TRUE, TRUE
Boomdas, TRUE, TRUE
Boomtar the Great, TRUE, TRUE
Boot Too Big, TRUE, TRUE
Boozleage, TRUE, TRUE
Boozlesnap, TRUE, TRUE
BoozleTalk, TRUE, TRUE
Bordered Keys, TRUE, TRUE
BorisP, TRUE, TRUE
Bottom Gear, TRUE, TRUE
Bottom Gear 2, TRUE, TRUE
Bottom Gear 3, TRUE, TRUE
Bowling, TRUE, TRUE
Boxing, TRUE, TRUE
Brad Memory, TRUE, TRUE
Braille, TRUE, TRUE
Brainf---, TRUE, TRUE
Brawler Database, TRUE, TRUE
Breakers, TRUE, TRUE
Breakfast Egg, TRUE, TRUE
Breaktime, TRUE, TRUE
Bridge, TRUE, TRUE
Broken Binary, TRUE, TRUE
Broken Buttons, TRUE, TRUE
Broken Guitar Chords, TRUE, TRUE
Bronco Trolleys, TRUE, TRUE
Brown Arrows, TRUE, TRUE
Brown Cipher, TRUE, TRUE
Brown Hexabuttons, TRUE, TRUE
Buddy Bidding, TRUE, TRUE
Bulbmaps, TRUE, TRUE
Bumpers, TRUE, TRUE
Burger Alarm, TRUE, TRUE
Burglar Alarm, TRUE, TRUE
Burnout, TRUE, TRUE
Busted Password, TRUE, TRUE
Busy Beaver, TRUE, TRUE
Button Grid, TRUE, TRUE
Button Order, TRUE, TRUE
Button Sequence, TRUE, TRUE
Buttonage, TRUE, TRUE
Buttonplicated Wires, TRUE, TRUE
Buttonword, TRUE, TRUE
BuzzFizz, TRUE, TRUE
Cacti's Conundrum, TRUE, TRUE
Caesar Cipher, TRUE, TRUE
Caesar Cycle, TRUE, TRUE
Caesar Cycle PL, TRUE, TRUE
Caesar Psycho, TRUE, TRUE
Caesar's Maths, TRUE, TRUE
Calculus, TRUE, TRUE
Candy Land, TRUE, TRUE
Canny Maze, TRUE, TRUE
Captain Wheeler, TRUE, TRUE
Captcha The Flag, TRUE, TRUE
CA-RPS, TRUE, TRUE
Carries, TRUE, TRUE
Cartinese, TRUE, TRUE
Castor, TRUE, TRUE
Catch Me if You Can, TRUE, TRUE
Cell Lab, TRUE, TRUE
Censorship, TRUE, TRUE
Cerulean Maze, TRUE, TRUE
Chamber No. 5, TRUE, TRUE
Channel Surfing, TRUE, TRUE
Chaotic Countdown, TRUE, TRUE
Character Codes, TRUE, TRUE
Character Slots, TRUE, TRUE
Charge, TRUE, TRUE
Cheap Checkout, TRUE, TRUE
Cheat Checkout, TRUE, TRUE
Cheep Checkout, TRUE, TRUE
Chessword, TRUE, TRUE
Chicken Nuggets, TRUE, TRUE
Chilli Beans, TRUE, TRUE
Chinese Counting, TRUE, TRUE
Chinese Remainder Theorem, TRUE, TRUE
chip, TRUE, TRUE
Chipping Triangles, TRUE, TRUE
Chord Progressions, TRUE, TRUE
Chromaswapper, TRUE, TRUE
Chronos, TRUE, TRUE
Cipher Machine, TRUE, TRUE
Circuit Charging, TRUE, TRUE
City Planning, TRUE, TRUE
Clapping Music, TRUE, TRUE
Classical Order, TRUE, TRUE
Classical Sense, TRUE, TRUE
Clearance Code, TRUE, TRUE
Clockworks, TRUE, TRUE
Code Cracker, TRUE, TRUE
Codenames, TRUE, TRUE
Coffee Beans, TRUE, TRUE
Coinage, TRUE, TRUE
Collapse, TRUE, TRUE
Colo(u)r Talk, TRUE, TRUE
Color Blindness, TRUE, TRUE
Color Braille, TRUE, TRUE
Color Chaser, TRUE, TRUE
Color Grid, TRUE, TRUE
Color Hexagons, TRUE, TRUE
Color Match, TRUE, TRUE
Color Morse, TRUE, TRUE
Color Numbers, TRUE, TRUE
Color One Two, TRUE, TRUE
Color Pong, TRUE, TRUE
Color Punch, TRUE, TRUE
Color Sorting, TRUE, TRUE
Color-Cycle Button, TRUE, TRUE
Colored Buttons, TRUE, TRUE
Colored Cube, TRUE, TRUE
Colored Keys, TRUE, TRUE
Colored Letters, TRUE, TRUE
Colored Squares, TRUE, TRUE
Colored Switches, TRUE, TRUE
Colorful Dials, TRUE, TRUE
Colorful Hexabuttons, TRUE, TRUE
Colorful Insanity, TRUE, TRUE
Colors Maximization, TRUE, TRUE
Color-Symbolic Interpretation Module, TRUE, TRUE
Colour Catch, TRUE, TRUE
Colour Flash Translated, TRUE, TRUE
Colour Shuffle, TRUE, TRUE
Coloured Arrows, TRUE, TRUE
Coloured Cubes, TRUE, TRUE
Coloured Cylinder, TRUE, TRUE
Common Sense, TRUE, TRUE
Commuting, TRUE, TRUE
Complexity, TRUE, TRUE
Complex-Resistance, TRUE, TRUE
Complicated Buttons, TRUE, TRUE
Complicated Code, TRUE, TRUE
Concentration, TRUE, TRUE
Conditional Maze, TRUE, TRUE
Confused Lying Buttons, TRUE, TRUE
Congkak, TRUE, TRUE
Connect Four, TRUE, TRUE
Connected Monitors, TRUE, TRUE
Connected Quizbowl, TRUE, TRUE
Consonants, TRUE, TRUE
Constellations, TRUE, TRUE
Cookie Jars, TRUE, TRUE
Cooking, TRUE, TRUE
Cool Beans, TRUE, TRUE
Co-op Harmony Sequence, TRUE, TRUE
Coordinates, TRUE, TRUE
Coordination, TRUE, TRUE
Copper-9, TRUE, TRUE
Coprime Checker, TRUE, TRUE
Coral Cipher, TRUE, TRUE
Core Encryption, TRUE, TRUE
Corners, TRUE, TRUE
Cornflower Cipher, TRUE, TRUE
Corridors, TRUE, TRUE
Corrupted Numbers, TRUE, TRUE
Corruption, TRUE, TRUE
Cosmic, TRUE, TRUE
Count to 69420, TRUE, TRUE
Countdown, TRUE, TRUE
Coverage, TRUE, TRUE
Crackbox, TRUE, TRUE
Cranky's Sections, TRUE, TRUE
Crazy Hamburger, TRUE, TRUE
Crazy Maze, TRUE, TRUE
Crazy Talk Translated, TRUE, TRUE
Crazy Talk With A K, TRUE, TRUE
Crazy?, TRUE, TRUE
Cream Cipher, TRUE, TRUE
Creation, TRUE, TRUE
Crimson Cipher, TRUE, TRUE
Critters, TRUE, TRUE
Cruel Binary, TRUE, TRUE
Cruel Boolean Maze, TRUE, TRUE
Cruel Boolean Wires, TRUE, TRUE
Cruel Candy Land, TRUE, TRUE
Cruel Countdown, TRUE, TRUE
Cruel Dial Trial, TRUE, TRUE
Cruel Digital Root, TRUE, TRUE
Cruel Ed Balls, TRUE, TRUE
Cruel Flashing Rotating Squares, TRUE, TRUE
Cruel Garfield Kart, TRUE, TRUE
Cruel Karnaugh Map, TRUE, TRUE
Cruel Keypads, TRUE, TRUE
Cruel Match 'em, TRUE, TRUE
Cruel Modulo, TRUE, TRUE
Cruel Pip-Nado, TRUE, TRUE
Cruel Qualities, TRUE, TRUE
Cruel Rotating Squares, TRUE, TRUE
Cruel Schulte Table, TRUE, TRUE
Cruel Simpleton, TRUE, TRUE
Cruel Stars, TRUE, TRUE
Cruel Word Search, TRUE, TRUE
Cruello, TRUE, TRUE
Cryptic Cycle, TRUE, TRUE
Cryptic Keypad, TRUE, TRUE
Cryptic Password, TRUE, TRUE
Cryptid, TRUE, TRUE
Crypto Market, TRUE, TRUE
Cucumber, TRUE, TRUE
Curly Wires, TRUE, TRUE
Currents, TRUE, TRUE
Curriculum, TRUE, TRUE
Cursed, TRUE, TRUE
Cursed Double-Oh, TRUE, TRUE
Cursor Maze, TRUE, TRUE
Custom Keys, TRUE, TRUE
Cutting Order, TRUE, TRUE
Cyan Arrows, TRUE, TRUE
Cyan Button't, TRUE, TRUE
Cyan Sudoku, TRUE, TRUE
D, TRUE, TRUE
Damocles Lumber, TRUE, TRUE
Dandy's Floors, TRUE, TRUE
Daniel Dice, TRUE, TRUE
Daylight Directions, TRUE, TRUE
Deaf Alley, TRUE, TRUE
Death Note, TRUE, TRUE
Decay, TRUE, TRUE
Deceptive Rainbow Arrows, TRUE, TRUE
Decimation, TRUE, TRUE
Deck Creating, TRUE, TRUE
Decolored Cube, TRUE, TRUE
Decolored Squares, TRUE, TRUE
Decolour Flash, TRUE, TRUE
Delumination, TRUE, TRUE
Denial Displays, TRUE, TRUE
Derivatives, TRUE, TRUE
Desert Bus, TRUE, TRUE
Destabilized Numbers, TRUE, TRUE
Determinants, TRUE, TRUE
DetoNATO, TRUE, TRUE
Devilish Calculations, TRUE, TRUE
Devilish Eggs, TRUE, TRUE
Dial Trial, TRUE, TRUE
Dice Cipher, TRUE, TRUE
Dice Stack, TRUE, TRUE
Diffusion, TRUE, TRUE
Digisibility, TRUE, TRUE
Digit Dilemma, TRUE, TRUE
Digit Sum, TRUE, TRUE
Digital Cipher, TRUE, TRUE
Digital Clock, TRUE, TRUE
Digital Dials, TRUE, TRUE
Digital Grid, TRUE, TRUE
Digital Root, TRUE, TRUE
Dimension Disruption, TRUE, TRUE
Dimension King, TRUE, TRUE
DingBats, TRUE, TRUE
Diophantine Equations, TRUE, TRUE
Directing Buttons, TRUE, TRUE
Directional Button, TRUE, TRUE
Discharge Maze, TRUE, TRUE
Discolored Cube, TRUE, TRUE
Discolored Squares, TRUE, TRUE
Disordered Keys, TRUE, TRUE
Distance Cipher, TRUE, TRUE
Divided Squares, TRUE, TRUE
Divisible Numbers, TRUE, TRUE
DNA Mutation, TRUE, TRUE
Dominoes, TRUE, TRUE
Dominosa, TRUE, TRUE
Don't Touch Anything, TRUE, TRUE
Doofenshmirtz Evil Inc., TRUE, TRUE
Doomsday Button, TRUE, TRUE
Dot, TRUE, TRUE
Double Arrows, TRUE, TRUE
Double Digits, TRUE, TRUE
Double Expert, TRUE, TRUE
Double Knob, TRUE, TRUE
Double Listening, TRUE, TRUE
Double Pitch, TRUE, TRUE
Double Screen, TRUE, TRUE
Double-Oh, TRUE, TRUE
Double-On, TRUE, TRUE
Doubted Lying Buttons, TRUE, TRUE
Dr. Doctor, TRUE, TRUE
Dragon Energy, TRUE, TRUE
Dreamcipher, TRUE, TRUE
Drive-In Window, TRUE, TRUE
Driver Updates, TRUE, TRUE
Dual Buttons, TRUE, TRUE
Dual Sequences, TRUE, TRUE
Duck Konundrum, TRUE, TRUE
"Duck, Duck, Goose", TRUE, TRUE
Ducks, TRUE, TRUE
Dungeon, TRUE, TRUE
Dungeon 2nd Floor, TRUE, TRUE
Dyscalculator, TRUE, TRUE
Earth, TRUE, TRUE
Earthbound, TRUE, TRUE
Eavesdropping, TRUE, TRUE
Echolocation, TRUE, TRUE
Ed Balls, TRUE, TRUE
eeB gnillepS, TRUE, TRUE
egg, TRUE, TRUE
Egyptian Fractions, TRUE, TRUE
Eight, TRUE, TRUE
Eight Pages, TRUE, TRUE
Eight Tiles Panic, TRUE, TRUE
Elder Futhark, TRUE, TRUE
Elder Password, TRUE, TRUE
Emoji, TRUE, TRUE
Emoticon Math, TRUE, TRUE
Emotiguy Identification, TRUE, TRUE
ƎNA Cipher, TRUE, TRUE
Enchantment Table, TRUE, TRUE
Encoloryption, TRUE, TRUE
Encrypted Dice, TRUE, TRUE
Encrypted Equations, TRUE, TRUE
Encrypted Hangman, TRUE, TRUE
Encrypted Maze, TRUE, TRUE
Encrypted Memory, TRUE, TRUE
Encrypted Morse, TRUE, TRUE
Encrypted Timezones, TRUE, TRUE
Encrypted Values, TRUE, TRUE
Encryption Bingo, TRUE, TRUE
Encryption Lingo, TRUE, TRUE
English Entries, TRUE, TRUE
Enigma Cycle, TRUE, TRUE
Entry Number Four, TRUE, TRUE
Entry Number One, TRUE, TRUE
Épelle-moi Ça, TRUE, TRUE
Epic Shapes, TRUE, TRUE
Equations X, TRUE, TRUE
Eredan Duels, TRUE, TRUE
Etch-A-Sketch, TRUE, TRUE
Ethan's Dream, TRUE, TRUE
Etterna, TRUE, TRUE
European Travel, TRUE, TRUE
Even Or Odd, TRUE, TRUE
Evil Word Search, TRUE, TRUE
Exoplanets, TRUE, TRUE
Exploding Mittens, TRUE, TRUE
Extended Boolean Venn Diagram, TRUE, TRUE
Extended Button Order, TRUE, TRUE
Eye Sees All, TRUE, TRUE
F, TRUE, TRUE
Face Off, TRUE, TRUE
Face Perception, TRUE, TRUE
Facets & Logic, TRUE, TRUE
Factoring, TRUE, TRUE
Factoring Grid, TRUE, TRUE
Factoring Maze, TRUE, TRUE
Factory Code, TRUE, TRUE
Factory Cubes, TRUE, TRUE
Factory Maze, TRUE, TRUE
Faerie Fires, TRUE, TRUE
Fake Beans, TRUE, TRUE
Fast Boolean Venn Diagram, TRUE, TRUE
Fast Playfair Cipher, TRUE, TRUE
Faulty Accelerando, TRUE, TRUE
Faulty Backgrounds, TRUE, TRUE
Faulty Binary, TRUE, TRUE
Faulty Buttons, TRUE, TRUE
Faulty Chinese Counting, TRUE, TRUE
Faulty Colored Cube, TRUE, TRUE
Faulty Colour Flash, TRUE, TRUE
Faulty Cruel Flashing Rotating Squares, TRUE, TRUE
Faulty Digital Root, TRUE, TRUE
Faulty RGB Maze, TRUE, TRUE
Faulty Seven Segment Displays, TRUE, TRUE
Feature Cryptography, TRUE, TRUE
Fifteen, TRUE, TRUE
Fifty Blessings, TRUE, TRUE
Fillominordle, TRUE, TRUE
Find The Date, TRUE, TRUE
Find The Invisible Cow, TRUE, TRUE
Fingers, TRUE, TRUE
Finite Automata, TRUE, TRUE
Finite Loop, TRUE, TRUE
Fire Diamonds, TRUE, TRUE
Firework Crate, TRUE, TRUE
Fishing, TRUE, TRUE
Fitting In, TRUE, TRUE
Five Letter Words, TRUE, TRUE
FizzBoss, TRUE, TRUE
FizzBuzz, TRUE, TRUE
Flag Identification, TRUE, TRUE
Flamin' Finger, TRUE, TRUE
Flash Memory, TRUE, TRUE
Flashing Arrows, TRUE, TRUE
Flashing Circles, TRUE, TRUE
Flavor Text, TRUE, TRUE
Flavor Text EX, TRUE, TRUE
Flip The Coin, TRUE, TRUE
Flipping Squares, TRUE, TRUE
Floor Lights, TRUE, TRUE
Flowchart Madness, TRUE, TRUE
Flower Patch, TRUE, TRUE
Flyswatting, TRUE, TRUE
Follow Me, TRUE, TRUE
Follow the Leader, TRUE, TRUE
Following Orders, TRUE, TRUE
Font Select, TRUE, TRUE
Footnotes, TRUE, TRUE
Footover, TRUE, TRUE
Forest Cipher, TRUE, TRUE
Forget Any Color, TRUE, TRUE
Forget Enigma, TRUE, TRUE
Forget Everything, TRUE, TRUE
Forget Fractal, TRUE, TRUE
Forget Infinity, TRUE, TRUE
Forget It Not, TRUE, TRUE
Forget Maze Not, TRUE, TRUE
Forget Me Later, TRUE, TRUE
Forget Me Maybe, TRUE, TRUE
Forget Me No., TRUE, TRUE
Forget Me Not, TRUE, TRUE
Forget Me Now, TRUE, TRUE
Forget Our Voices, TRUE, TRUE
Forget The Colors, TRUE, TRUE
Forget Them All, TRUE, TRUE
Forget This, TRUE, TRUE
Forget Us Not, TRUE, TRUE
Forgetful Grid, TRUE, TRUE
Forgetle, TRUE, TRUE
Forget's Ultimate Showdown, TRUE, TRUE
Forteroudo, TRUE, TRUE
Four Corners, TRUE, TRUE
Four Elements, TRUE, TRUE
Four Lights, TRUE, TRUE
Four Operands, TRUE, TRUE
Four-Card Monte, TRUE, TRUE
Foxed Freshly, TRUE, TRUE
Fractal Maze, TRUE, TRUE
Frankenstein's Indicator, TRUE, TRUE
Free Password, TRUE, TRUE
Fried Egg, TRUE, TRUE
Frightened Ghost Movement, TRUE, TRUE
Function Identification, TRUE, TRUE
Functional Mapping, TRUE, TRUE
Fur Cipher, TRUE, TRUE
Fursona, TRUE, TRUE
Futuristic Combo Lock, TRUE, TRUE
Gadgetron Vendor, TRUE, TRUE
Game Changer, TRUE, TRUE
Game of Ants, TRUE, TRUE
Game of Colors, TRUE, TRUE
Game of Life 3D, TRUE, TRUE
Game of Life Cruel, TRUE, TRUE
Game of Life Simple, TRUE, TRUE
Gameboy Cartridge, TRUE, TRUE
Garfield Kart, TRUE, TRUE
Gatekeeper, TRUE, TRUE
gay gay homosexual gay, TRUE, TRUE
Gem Division, TRUE, TRUE
Gemory, TRUE, TRUE
Gendercipher, TRUE, TRUE
Generated Maze, TRUE, TRUE
Genetic Sequence, TRUE, TRUE
GeoGuessr, TRUE, TRUE
Geometry, TRUE, TRUE
Geometry Dash, TRUE, TRUE
Gettin' Funky, TRUE, TRUE
Ghost, TRUE, TRUE
Ghost Movement, TRUE, TRUE
Giants Cipher, TRUE, TRUE
Girlfriend, TRUE, TRUE
Gleamy Glyphs, TRUE, TRUE
Go, TRUE, TRUE
Going Backwards, TRUE, TRUE
Golf, TRUE, TRUE
Golf Solitaire, TRUE, TRUE
Goofier Game, TRUE, TRUE
Goofy's Game, TRUE, TRUE
Got Legs?, TRUE, TRUE
Gourmet Hamburger, TRUE, TRUE
Gradually Watermelon, TRUE, TRUE
Graduation, TRUE, TRUE
Grand Piano, TRUE, TRUE
Graphic Memory, TRUE, TRUE
Gray Arrows, TRUE, TRUE
Gray Cipher, TRUE, TRUE
Gray Hexabuttons, TRUE, TRUE
Greek Letter Grid, TRUE, TRUE
Green Arrows, TRUE, TRUE
Green Button't, TRUE, TRUE
Green Cipher, TRUE, TRUE
Green Hexabuttons, TRUE, TRUE
Green Levers, TRUE, TRUE
Green Sudoku, TRUE, TRUE
Green Wires, TRUE, TRUE
Gridlock, TRUE, TRUE
Grimm, TRUE, TRUE
Grocery Store, TRUE, TRUE
Gryphons, TRUE, TRUE
GTA Cheats, TRUE, TRUE
Guess The Farewell Room, TRUE, TRUE
Guess Who?, TRUE, TRUE
Gyromaze, TRUE, TRUE
h, TRUE, TRUE
Haiku, TRUE, TRUE
Halli Galli, TRUE, TRUE
Hand Turkey, TRUE, TRUE
Harmony Sequence, TRUE, TRUE
Hat Guessing, TRUE, TRUE
Hearthur, TRUE, TRUE
Hereditary Base Notation, TRUE, TRUE
Hertz, TRUE, TRUE
Hex To Decimal, TRUE, TRUE
Hexamaze, TRUE, TRUE
Hexiom, TRUE, TRUE
hexNull, TRUE, TRUE
hexOrbits, TRUE, TRUE
hexOS, TRUE, TRUE
Hickory Dickory Dock, TRUE, TRUE
Hidden In Plain Sight, TRUE, TRUE
Hieroglyphics, TRUE, TRUE
Higher Or Lower, TRUE, TRUE
Hill Cycle, TRUE, TRUE
Hinges, TRUE, TRUE
Historical Phrases, TRUE, TRUE
Hitman, TRUE, TRUE
Hold On, TRUE, TRUE
Hold Ups, TRUE, TRUE
Hole in One, TRUE, TRUE
Holographic Memory, TRUE, TRUE
Homophones, TRUE, TRUE
Housecleaning, TRUE, TRUE
Huffman Coding, TRUE, TRUE
Human Resources, TRUE, TRUE
HyperForget, TRUE, TRUE
Hypermatch, TRUE, TRUE
Hyperrullo, TRUE, TRUE
Ice Cream, TRUE, TRUE
Icon Reveal, TRUE, TRUE
Iconic, TRUE, TRUE
ID Exchange, TRUE, TRUE
ID Verification, TRUE, TRUE
Identification Crisis, TRUE, TRUE
Identifrac, TRUE, TRUE
Identifying Soulless, TRUE, TRUE
IKEA Documents, TRUE, TRUE
IKEA Plushies, TRUE, TRUE
Ill Logic, TRUE, TRUE
Ill Morse, TRUE, TRUE
I'm Not a Robot, TRUE, TRUE
In Order, TRUE, TRUE
Indentation, TRUE, TRUE
Indices Maxmius, TRUE, TRUE
Indigo Cipher, TRUE, TRUE
Infinite Loop, TRUE, TRUE
Ingredients, TRUE, TRUE
Inner Connections, TRUE, TRUE
Insa Ilo, TRUE, TRUE
Insane Talk, TRUE, TRUE
Insane Talk PL, TRUE, TRUE
Inselectables, TRUE, TRUE
Insomnious Automaton, TRUE, TRUE
int##, TRUE, TRUE
Integer Trees, TRUE, TRUE
Intensity Levels, TRUE, TRUE
Interpunct, TRUE, TRUE
Intervals, TRUE, TRUE
Inverse, TRUE, TRUE
Invisymbol, TRUE, TRUE
IPA, TRUE, TRUE
Iron Lung, TRUE, TRUE
Isocolored Squares, TRUE, TRUE
Item Predicament, TRUE, TRUE
J, TRUE, TRUE
Jack Attack, TRUE, TRUE
Jackbox.TV, TRUE, TRUE
Jaden Smith Talk, TRUE, TRUE
Jank Hole, TRUE, TRUE
Jellybeans, TRUE, TRUE
Jenga, TRUE, TRUE
"Jerma, Jerma, Dream", TRUE, TRUE
Job Application, TRUE, TRUE
Judgement, TRUE, TRUE
Jumble, TRUE, TRUE
Jumble Cycle, TRUE, TRUE
Jumbled Buttons, TRUE, TRUE
Jupiter, TRUE, TRUE
Just Numbers, TRUE, TRUE
Juxtacolored Cube, TRUE, TRUE
Juxtacolored Squares, TRUE, TRUE
Kahoot!, TRUE, TRUE
Kanji, TRUE, TRUE
Karnaugh Map, TRUE, TRUE
Kawaiitlyn, TRUE, TRUE
KayMazey Talk, TRUE, TRUE
Keep Clicking, TRUE, TRUE
Keyed Buttons, TRUE, TRUE
Keypad Combinations, TRUE, TRUE
Keypad Directionality, TRUE, TRUE
Keypad Lock, TRUE, TRUE
Keypad Magnified, TRUE, TRUE
Keypad Maze, TRUE, TRUE
Keypad Sequence, TRUE, TRUE
Keypass, TRUE, TRUE
Kidney Beans, TRUE, TRUE
Kilo Talk, TRUE, TRUE
Kim's Game, TRUE, TRUE
Knot Wires, TRUE, TRUE
Know Your Way, TRUE, TRUE
Kooky Keypad, TRUE, TRUE
Krazy Talk, TRUE, TRUE
Kudosudoku, TRUE, TRUE
Kuro, TRUE, TRUE
Kusa Nihonglish, TRUE, TRUE
Kyudoku, TRUE, TRUE
Label Priorities, TRUE, TRUE
Labeled Priorities Plus, TRUE, TRUE
Labyrinth Madness, TRUE, TRUE
Ladders, TRUE, TRUE
Langton's Ant, TRUE, TRUE
Langton's Anteater, TRUE, TRUE
Large Free Password, TRUE, TRUE
Large Password, TRUE, TRUE
Latin Hypercube, TRUE, TRUE
LEAN!!!, TRUE, TRUE
LEDs, TRUE, TRUE
Left and Right, TRUE, TRUE
Lempel-Ziv Cipher, TRUE, TRUE
Lengthy Lockdown, TRUE, TRUE
Lenticular Maze, TRUE, TRUE
Letter Grid, TRUE, TRUE
Letter Math, TRUE, TRUE
Lettered Hexabuttons, TRUE, TRUE
Letters, TRUE, TRUE
Levenshtein Distance, TRUE, TRUE
Life Iteration, TRUE, TRUE
Light Bulbs, TRUE, TRUE
Light Cycle, TRUE, TRUE
Light Grid, TRUE, TRUE
Lights On, TRUE, TRUE
Lightspeed, TRUE, TRUE
Limbo Keys, TRUE, TRUE
Lime Arrows, TRUE, TRUE
Line Equations, TRUE, TRUE
Lines of Code, TRUE, TRUE
Linked Wordle, TRUE, TRUE
Linq, TRUE, TRUE
Lion's Share, TRUE, TRUE
Literal Maze, TRUE, TRUE
Literally Crying, TRUE, TRUE
Literally Deaging, TRUE, TRUE
Literally Dying, TRUE, TRUE
Literally Laughing, TRUE, TRUE
Literally Malding, TRUE, TRUE
Literally Nothing, TRUE, TRUE
Literally Something, TRUE, TRUE
Literally Taunting, TRUE, TRUE
"Llama, Llama, Alpaca", TRUE, TRUE
Lockpick Maze, TRUE, TRUE
Logging, TRUE, TRUE
Logic Circuits, TRUE, TRUE
Logic Statement, TRUE, TRUE
Logic Wheel, TRUE, TRUE
Logical Buttons, TRUE, TRUE
Logical Hexabuttons, TRUE, TRUE
Logical Operators, TRUE, TRUE
Lombax Cubes, TRUE, TRUE
Long Beans, TRUE, TRUE
Long Words, TRUE, TRUE
Look and Say, TRUE, TRUE
"Look, Look Away", TRUE, TRUE
Loop, TRUE, TRUE
Loopover, TRUE, TRUE
Lousy Chess, TRUE, TRUE
Love Buttons, TRUE, TRUE
Lucky Dice, TRUE, TRUE
Luigi Poker, TRUE, TRUE
Lunchtime, TRUE, TRUE
Lying Buttons, TRUE, TRUE
Lying Indicators, TRUE, TRUE
Lyrical Nonsense, TRUE, TRUE
M.A.S., TRUE, TRUE
Maas Cipher, TRUE, TRUE
Macro Memory, TRUE, TRUE
Mad Memory, TRUE, TRUE
Mafia, TRUE, TRUE
Magenta Cipher, TRUE, TRUE
Magic Cube, TRUE, TRUE
Magic Square, TRUE, TRUE
Magical Hexabuttons, TRUE, TRUE
Mahjong, TRUE, TRUE
Mahjong Quiz Easy, TRUE, TRUE
Mahjong Quiz Hard, TRUE, TRUE
Mahjong Quiz Scrambled, TRUE, TRUE
Main Page, TRUE, TRUE
Manometers, TRUE, TRUE
Manual Codes, TRUE, TRUE
Manual Malady, TRUE, TRUE
Many Poly, TRUE, TRUE
Marble Tumble, TRUE, TRUE
Maritime Flags, TRUE, TRUE
Maritime Semaphore, TRUE, TRUE
Marmite, TRUE, TRUE
Maroon Cipher, TRUE, TRUE
Marquee Morse, TRUE, TRUE
Mars, TRUE, TRUE
Mashematics, TRUE, TRUE
Masher The Bottun, TRUE, TRUE
Mask Identification, TRUE, TRUE
Masked Morse, TRUE, TRUE
Master Tapes, TRUE, TRUE
Mastermind Restricted, TRUE, TRUE
Mastermind Restricted Cruel, TRUE, TRUE
Masyu, TRUE, TRUE
Match 'em, TRUE, TRUE
Match Refereeing, TRUE, TRUE
Matchematics, TRUE, TRUE
Matching Morse, TRUE, TRUE
Matching Signs, TRUE, TRUE
Matchup Chart, TRUE, TRUE
Math 'em, TRUE, TRUE
Mathemetallics, TRUE, TRUE
Matrix Mapping, TRUE, TRUE
Mayhem, TRUE, TRUE
Maze Code, TRUE, TRUE
Maze 'em, TRUE, TRUE
Maze Identification, TRUE, TRUE
Maze Scrambler, TRUE, TRUE
Maze Swap, TRUE, TRUE
Mazecharge, TRUE, TRUE
Mazematics, TRUE, TRUE
Mazery, TRUE, TRUE
Mazeseeker, TRUE, TRUE
Mazeswapper, TRUE, TRUE
Meet Your Maker, TRUE, TRUE
Mega Man 2, TRUE, TRUE
Megum, TRUE, TRUE
Melodic Message, TRUE, TRUE
Melody Sequencer, TRUE, TRUE
Meme Drought, TRUE, TRUE
Meme Review, TRUE, TRUE
Memorable Buttons, TRUE, TRUE
Memory Buster, TRUE, TRUE
Memory Character, TRUE, TRUE
Memory Match, TRUE, TRUE
Memory Poker, TRUE, TRUE
Memory Wires, TRUE, TRUE
Meowmorse, TRUE, TRUE
Mercury, TRUE, TRUE
Metalmaking, TRUE, TRUE
Metamem, TRUE, TRUE
Metamorse, TRUE, TRUE
Metapuzzle, TRUE, TRUE
Meteor, TRUE, TRUE
Meter, TRUE, TRUE
Micro-Modules, TRUE, TRUE
Microphone, TRUE, TRUE
Mii Identification, TRUE, TRUE
Military Encryption, TRUE, TRUE
Mindlock, TRUE, TRUE
Minecraft Cipher, TRUE, TRUE
Minecraft Parody, TRUE, TRUE
Minecraft Survival, TRUE, TRUE
Mineseeker, TRUE, TRUE
Mineswapper, TRUE, TRUE
Minesweeper, TRUE, TRUE
Mini, TRUE, TRUE
Minsk Metro, TRUE, TRUE
Mischboozl, TRUE, TRUE
Mischmodul, TRUE, TRUE
Mislocation, TRUE, TRUE
Misordered Keys, TRUE, TRUE
Missing Sequence, TRUE, TRUE
Mission Identification, TRUE, TRUE
Mistranslated Venting Gas, TRUE, TRUE
Mixed Emotions, TRUE, TRUE
Mixometer, TRUE, TRUE
Moddle, TRUE, TRUE
Module Listening, TRUE, TRUE
Module Rick, TRUE, TRUE
Module Sprint, TRUE, TRUE
Modulus Manipulation, TRUE, TRUE
Money Game, TRUE, TRUE
Monosweeper, TRUE, TRUE
Monsplode Trading Cards, TRUE, TRUE
"Monsplode, Fight!", TRUE, TRUE
Moodstruck Mixing Unit, TRUE, TRUE
More Code, TRUE, TRUE
Morse Buttons, TRUE, TRUE
Morse Complication, TRUE, TRUE
Morse Identification, TRUE, TRUE
Morse-A-Maze, TRUE, TRUE
Morsematics, TRUE, TRUE
Mouse In The Maze, TRUE, TRUE
M-Seq, TRUE, TRUE
Mssngv Wls, TRUE, TRUE
Multi-Buttons, TRUE, TRUE
Multicolored Digits, TRUE, TRUE
Multitask, TRUE, TRUE
Musher the Batten, TRUE, TRUE
Musical Hexabuttons, TRUE, TRUE
Musical Transposition, TRUE, TRUE
MWISort, TRUE, TRUE
My Mom, TRUE, TRUE
Mystery Box, TRUE, TRUE
Mystery Module, TRUE, TRUE
Mystic Maze, TRUE, TRUE
Mystic Square, TRUE, TRUE
Name Changer, TRUE, TRUE
Name Codes, TRUE, TRUE
Naming Conventions, TRUE, TRUE
Naughty or Nice, TRUE, TRUE
Navigation Determination, TRUE, TRUE
Navinums, TRUE, TRUE
NeeDeez Nuts, TRUE, TRUE
Needlessly Complicated Button, TRUE, TRUE
Needy Customs, TRUE, TRUE
Needy Fuse Box, TRUE, TRUE
Needy Hotate, TRUE, TRUE
Needy Port Check, TRUE, TRUE
Needy Slots, TRUE, TRUE
Negative-Resistance, TRUE, TRUE
Negativity, TRUE, TRUE
Neptune, TRUE, TRUE
Netherite, TRUE, TRUE
Neutrinos, TRUE, TRUE
New World, TRUE, TRUE
Newline, TRUE, TRUE
Nifty Number, TRUE, TRUE
Nim, TRUE, TRUE
Nixie Code, TRUE, TRUE
Nokia, TRUE, TRUE
Normal Probability, TRUE, TRUE
Not Adjacent Letters, TRUE, TRUE
Not Bitmaps, TRUE, TRUE
Not Black Screens, TRUE, TRUE
Not Colored Cube, TRUE, TRUE
Not Colored Squares, TRUE, TRUE
Not Colored Switches, TRUE, TRUE
Not Double-Oh, TRUE, TRUE
Not Kanji, TRUE, TRUE
Not Perspective Pegs, TRUE, TRUE
Not Poker, TRUE, TRUE
Not Symbolic Password, TRUE, TRUE
Not The Screw, TRUE, TRUE
Not X-Ray, TRUE, TRUE
Notes, TRUE, TRUE
Notre-Dame Cipher, TRUE, TRUE
Number Cruncher, TRUE, TRUE
Number Pad, TRUE, TRUE
Numbered Buttons, TRUE, TRUE
Numerical Nightmare, TRUE, TRUE
Obscurdle, TRUE, TRUE
Occult Manuscripts, TRUE, TRUE
Odd Mod Out, TRUE, TRUE
Odd One Out, TRUE, TRUE
Odd Wall Out, TRUE, TRUE
Off-White Cipher, TRUE, TRUE
Only Connect, TRUE, TRUE
Orange Button't, TRUE, TRUE
Orange Cipher, TRUE, TRUE
Orange Hexabuttons, TRUE, TRUE
Orange Sudoku, TRUE, TRUE
Orientation Hypercube, TRUE, TRUE
Over Kilo, TRUE, TRUE
Overclock, TRUE, TRUE
Overcolored Squares, TRUE, TRUE
Overcooked, TRUE, TRUE
Painting Cube, TRUE, TRUE
Palindromes, TRUE, TRUE
Papyrus Tiles, TRUE, TRUE
Parallel Mazes, TRUE, TRUE
Password Buttons, TRUE, TRUE
Password Destroyer, TRUE, TRUE
Password Hexaterminals, TRUE, TRUE
Pathfinder, TRUE, TRUE
Pattern Cube, TRUE, TRUE
Pattern Hypercube, TRUE, TRUE
Pattern Recognition, TRUE, TRUE
Pattern Wires, TRUE, TRUE
Peek-A-Boo, TRUE, TRUE
Perplexing Wires, TRUE, TRUE
Perspecticolored Cube, TRUE, TRUE
Perspecticolored Squares, TRUE, TRUE
Phosphorescence, TRUE, TRUE
Pink Button't, TRUE, TRUE
Pink Sudoku, TRUE, TRUE
Pip-Nado, TRUE, TRUE
Placeholder Talk, TRUE, TRUE
Planet X, TRUE, TRUE
Planets, TRUE, TRUE
Plumbing, TRUE, TRUE
Pluto, TRUE, TRUE
Point of Order, TRUE, TRUE
Pointer Pointer, TRUE, TRUE
Pointless Machines, TRUE, TRUE
Pokémon Sprite Cipher, TRUE, TRUE
Pollux, TRUE, TRUE
Polyhedral Maze, TRUE, TRUE
Pong, TRUE, TRUE
Positive-Resistance, TRUE, TRUE
Pow, TRUE, TRUE
Prankster, TRUE, TRUE
Press The Shape, TRUE, TRUE
Pressing Incidents, TRUE, TRUE
Procedural Maze, TRUE, TRUE
Projective Set, TRUE, TRUE
Puppet, TRUE, TRUE
Purgatory's Name List, TRUE, TRUE
Purple Hexabuttons, TRUE, TRUE
Purple Sudoku, TRUE, TRUE
Puzzle Battle, TRUE, TRUE
Puzzle Identification, TRUE, TRUE
Puzzling Hexabuttons, TRUE, TRUE
Puzzword, TRUE, TRUE
Q & A, TRUE, TRUE
Quadrants, TRUE, TRUE
Quadrecta, TRUE, TRUE
Quadruple Simpleton Squared, TRUE, TRUE
Quadruple Simpleton't, TRUE, TRUE
Quantum Passwords, TRUE, TRUE
Quaver, TRUE, TRUE
Quizbowl, TRUE, TRUE
Quote Crazy Talk End Quote, TRUE, TRUE
Rainbow Arrows, TRUE, TRUE
Ramboozled Again, TRUE, TRUE
Rapid Subtraction, TRUE, TRUE
Recolored Cube, TRUE, TRUE
Recolour Flash, TRUE, TRUE
Red, TRUE, TRUE
Red Button't, TRUE, TRUE
Red Cipher, TRUE, TRUE
Red Hexabuttons, TRUE, TRUE
Red Levers, TRUE, TRUE
Red Sudoku, TRUE, TRUE
Reflection, TRUE, TRUE
Reformed Role Reversal, TRUE, TRUE
Regular Crazy Talk, TRUE, TRUE
Remote Math, TRUE, TRUE
Reverse Alpha-meta-cal Order, TRUE, TRUE
Reversed Boolean Network, TRUE, TRUE
Revision Helper, TRUE, TRUE
RGB Combination, TRUE, TRUE
RGB Encryption, TRUE, TRUE
Rhythm Maze, TRUE, TRUE
Rhythms, TRUE, TRUE
Ribbit Programming, TRUE, TRUE
Rift Roulette, TRUE, TRUE
Rigging the Odds, TRUE, TRUE
Robit Programming, TRUE, TRUE
Robot Programming, TRUE, TRUE
Roguelike Game, TRUE, TRUE
Role Reversal, TRUE, TRUE
Rotary Phone, TRUE, TRUE
Rotten Beans, TRUE, TRUE
Round Keypad, TRUE, TRUE
Rubik's Cube, TRUE, TRUE
Rust.G.B., TRUE, TRUE
S.E.T., TRUE, TRUE
Safety Safe, TRUE, TRUE
Salts, TRUE, TRUE
Samuel Says, TRUE, TRUE
Sat Nav, TRUE, TRUE
Saturn, TRUE, TRUE
Sbemail Songs, TRUE, TRUE
Scattershot, TRUE, TRUE
Schulte Table, TRUE, TRUE
Screensaver, TRUE, TRUE
Scripting, TRUE, TRUE
Sequential Button, TRUE, TRUE
Serial Wires, TRUE, TRUE
Setup Wizard, TRUE, TRUE
Seven to Nine, TRUE, TRUE
Shape Memory, TRUE, TRUE
Shapes, TRUE, TRUE
Shifting Maze, TRUE, TRUE
Ship Review, TRUE, TRUE
Shy Guy Says, TRUE, TRUE
Sid Hoffrenchman, TRUE, TRUE
Sign Alphabet, TRUE, TRUE
Sign Language, TRUE, TRUE
Silly Slots, TRUE, TRUE
Simaze, TRUE, TRUE
Simon, TRUE, TRUE
Simon Literally Says, TRUE, TRUE
Simon Screams, TRUE, TRUE
Simon Secures, TRUE, TRUE
Simon Sends, TRUE, TRUE
Simon Shuffles, TRUE, TRUE
Simon Signals, TRUE, TRUE
Simon Stages, TRUE, TRUE
Simon States, TRUE, TRUE
Simon Steps, TRUE, TRUE
Simon Strands, TRUE, TRUE
Simon Swivels, TRUE, TRUE
Simon's Knobs, TRUE, TRUE
Simon's Spider, TRUE, TRUE
Simon's Statement, TRUE, TRUE
Simon's Suit, TRUE, TRUE
Simon's Sums, TRUE, TRUE
Simple Hexabuttons, TRUE, TRUE
Simultaneous Simons, TRUE, TRUE
Skill Stop, TRUE, TRUE
Slight Gibberish Twist, TRUE, TRUE
Small Talk, TRUE, TRUE
Smallfont, TRUE, TRUE
"Smash, Marry, Kill", TRUE, TRUE
Snakes and Ladders, TRUE, TRUE
Snap!, TRUE, TRUE
Snatcher's Map, TRUE, TRUE
Snowman, TRUE, TRUE
Solve Shift, TRUE, TRUE
Some Buttons, TRUE, TRUE
Sorting, TRUE, TRUE
Soy Beans, TRUE, TRUE
Space Invaders Extreme, TRUE, TRUE
Spectator Sport, TRUE, TRUE
Spinning Mazes, TRUE, TRUE
SQL - Basic, TRUE, TRUE
SQL - Cruel, TRUE, TRUE
SQL - Evil, TRUE, TRUE
Square Button, TRUE, TRUE
Squeeze, TRUE, TRUE
Stacked Deck, TRUE, TRUE
Standard Button Masher, TRUE, TRUE
Standard Crazy Talk, TRUE, TRUE
Starmessage, TRUE, TRUE
Striped Keys, TRUE, TRUE
Strong Mad Talker, TRUE, TRUE
Stroop's Test, TRUE, TRUE
Subtract Nauseam, TRUE, TRUE
Sudoku, TRUE, TRUE
Sudoku Cipher, TRUE, TRUE
Suit Shuffle, TRUE, TRUE
Suits and Colours, TRUE, TRUE
Supermarket Scramble, TRUE, TRUE
Supermassive Black Hole, TRUE, TRUE
Surrounding Buttons, TRUE, TRUE
Swift Eye Test, TRUE, TRUE
Switching Buttons, TRUE, TRUE
Switching Maze, TRUE, TRUE
Symbolic Hexabuttons, TRUE, TRUE
Symbolic Password, TRUE, TRUE
Symbstructions, TRUE, TRUE
Synapse Cipher, TRUE, TRUE
Synapse Says, TRUE, TRUE
Synchronization, TRUE, TRUE
TAC, TRUE, TRUE
Talking Points, TRUE, TRUE
Technical Keypad, TRUE, TRUE
Tell Me When, TRUE, TRUE
Tell Me Where, TRUE, TRUE
Tell Me Why, TRUE, TRUE
Temporal Sequence, TRUE, TRUE
Tennis, TRUE, TRUE
Termet, TRUE, TRUE
Ternary Tiles, TRUE, TRUE
Terraria Quiz, TRUE, TRUE
TetraVex, TRUE, TRUE
The 12 Days of Christmas, TRUE, TRUE
The Alteran Trail, TRUE, TRUE
The Assorted Arrangement, TRUE, TRUE
The Board Walk, TRUE, TRUE
The Bulb, TRUE, TRUE
The Burnt, TRUE, TRUE
The Console, TRUE, TRUE
The Crafting Table, TRUE, TRUE
The Deck of Many Things, TRUE, TRUE
The Door, TRUE, TRUE
The French Republican Calendar, TRUE, TRUE
The Funny Number, TRUE, TRUE
The Fuse Box, TRUE, TRUE
The Generator, TRUE, TRUE
The Giant's Drink, TRUE, TRUE
The Grand Grimoire, TRUE, TRUE
The Grand Prix, TRUE, TRUE
The Great Void, TRUE, TRUE
The Green Wire, TRUE, TRUE
The High Score, TRUE, TRUE
The Holy Code, TRUE, TRUE
The Hypercolor, TRUE, TRUE
The Hypercube, TRUE, TRUE
The Hyperlink, TRUE, TRUE
The Impostor, TRUE, TRUE
The Jewel Vault, TRUE, TRUE
The Kill Switch, TRUE, TRUE
The Klaxon, TRUE, TRUE
The Legendre Symbol, TRUE, TRUE
The Logan Parody Jukebox, TRUE, TRUE
The Matrix, TRUE, TRUE
The Modkit, TRUE, TRUE
The Multiverse Hotline, TRUE, TRUE
The Necronomicon, TRUE, TRUE
The Neutral Button, TRUE, TRUE
The Nobody's Code, TRUE, TRUE
The Octadecayotton, TRUE, TRUE
The Pentabutton, TRUE, TRUE
The Tea Set, TRUE, TRUE
The Tile Maze, TRUE, TRUE
The Tissue Box™, TRUE, TRUE
The Weakest Link, TRUE, TRUE
The Xenocryst, TRUE, TRUE
Thermostat, TRUE, TRUE
Think Fast, TRUE, TRUE
Thirty One, TRUE, TRUE
Three-Way Gates, TRUE, TRUE
Tic Tac Toe, TRUE, TRUE
Time Accumulation, TRUE, TRUE
Tip Toe, TRUE, TRUE
Tombstone Maze, TRUE, TRUE
Torture, TRUE, TRUE
Trajectory, TRUE, TRUE
Translated Keypad, TRUE, TRUE
Transmitting Hexabuttons, TRUE, TRUE
Trick Or Treat, TRUE, TRUE
Tricky Tetris Pieces, TRUE, TRUE
Triple Term, TRUE, TRUE
TV, TRUE, TRUE
Twitter.com, TRUE, TRUE
Twodoku, TRUE, TRUE
Two-Factor Authentication, TRUE, TRUE
Typing Tutor, TRUE, TRUE
U, TRUE, TRUE
UIN(+L), TRUE, TRUE
Ultimate Cipher, TRUE, TRUE
Ultimate Team, TRUE, TRUE
Ultimate Tic Tac Toe, TRUE, TRUE
Uncanny Maze, TRUE, TRUE
Uncolored Cube, TRUE, TRUE
Uncolored Simon, TRUE, TRUE
Uncolored Squares, TRUE, TRUE
Uncoloured Buttons, TRUE, TRUE
Understand, TRUE, TRUE
Unfair's Cruel Revenge, TRUE, TRUE
Unfair's Forgotten Ciphers, TRUE, TRUE
Unfair's Revenge, TRUE, TRUE
Unicode Arrows, TRUE, TRUE
Updog, TRUE, TRUE
Uranus, TRUE, TRUE
Varicolored Cube, TRUE, TRUE
Varicolored Squares, TRUE, TRUE
Variety, TRUE, TRUE
Vector Addition, TRUE, TRUE
Venn Diagrams, TRUE, TRUE
Ventilation, TRUE, TRUE
Venting First?, TRUE, TRUE
Venus, TRUE, TRUE
Very Annoying Puzzle, TRUE, TRUE
Violet Cipher, TRUE, TRUE
Void Traversal, TRUE, TRUE
Wave Collapse, TRUE, TRUE
Wendithap'n, TRUE, TRUE
White, TRUE, TRUE
White Cipher, TRUE, TRUE
White Elephant, TRUE, TRUE
White Hexabuttons, TRUE, TRUE
White Sudoku, TRUE, TRUE
Who's on Gas, TRUE, TRUE
Who's on Trunic, TRUE, TRUE
Who's Simon?, TRUE, TRUE
Who's That Monsplode?, TRUE, TRUE
Wind The Key, TRUE, TRUE
Wind-Up Grommets, TRUE, TRUE
Wind-Up Maze, TRUE, TRUE
Wind-Up Music Box, TRUE, TRUE
Wind-Up Safe, TRUE, TRUE
Wind-Up Simon, TRUE, TRUE
Wind-Up Timer, TRUE, TRUE
Wingdings, TRUE, TRUE
Winning Line, TRUE, TRUE
Wire Association, TRUE, TRUE
Wire Ordering, TRUE, TRUE
Wire Sequence Sequence, TRUE, TRUE
Wire Testing, TRUE, TRUE
Wirepad, TRUE, TRUE
Wires Crossed, TRUE, TRUE
Wiresword, TRUE, TRUE
Withered Bonnie, TRUE, TRUE
Word Search, TRUE, TRUE
Word Search (PL), TRUE, TRUE
Wordle, TRUE, TRUE
Wumbo, TRUE, TRUE
X-Ray, TRUE, TRUE
Yahtzee, TRUE, TRUE
Yellow Arrows, TRUE, TRUE
Yellow Button't, TRUE, TRUE
Yellow Cipher, TRUE, TRUE
Yellow Hexabuttons, TRUE, TRUE
Yellow Huffman Cipher, TRUE, TRUE
Yellow Levers, TRUE, TRUE
Yellow Sudoku, TRUE, TRUE
Yes and No, TRUE, TRUE
Yippee, TRUE, TRUE
Zener Cards, TRUE, TRUE
Zip Zap Zop, TRUE, TRUE
Zoo, TRUE, TRUE
4D Tunnels, TRUE, FALSE
A Mistake, TRUE, FALSE
aa, TRUE, FALSE
Accumulation, TRUE, FALSE
Algebra, TRUE, FALSE
Alphabet Numbers, TRUE, FALSE
Alphabet Tiles, TRUE, FALSE
Amusement Parks, TRUE, FALSE
Arithmelogic, TRUE, FALSE
Audio Morse, TRUE, FALSE
Bartending, TRUE, FALSE
Bases, TRUE, FALSE
Benedict Cumberbatch, TRUE, FALSE
Binary LEDs, TRUE, FALSE
Binary Tree, TRUE, FALSE
Bitwise Operations, TRUE, FALSE
Blackjack, TRUE, FALSE
Blind Maze, TRUE, FALSE
Blockbusters, TRUE, FALSE
Boggle, TRUE, FALSE
Boolean Keypad, TRUE, FALSE
Boolean Venn Diagram, TRUE, FALSE
Bridges, TRUE, FALSE
British Slang, TRUE, FALSE
Brush Strokes, TRUE, FALSE
Button Masher, TRUE, FALSE
Calendar, TRUE, FALSE
Catchphrase, TRUE, FALSE
Challenge & Contact, TRUE, FALSE
Character Shift, TRUE, FALSE
Charms, TRUE, FALSE
Chess, TRUE, FALSE
Chord Qualities, TRUE, FALSE
Christmas Presents, TRUE, FALSE
Clumsy Loopover, TRUE, FALSE
Coincidence, TRUE, FALSE
Color Addition, TRUE, FALSE
Color Decoding, TRUE, FALSE
Color Math, TRUE, FALSE
Colorful Madness, TRUE, FALSE
Colour Code, TRUE, FALSE
Colour Flash, TRUE, FALSE
Colour Flash ES, TRUE, FALSE
Colour Flash PL, TRUE, FALSE
Combination Lock, TRUE, FALSE
Command Prompt, TRUE, FALSE
Complex Keypad, TRUE, FALSE
Connection Check, TRUE, FALSE
Connection Device, TRUE, FALSE
Digit String, TRUE, FALSE
Discography, TRUE, FALSE
Double Color, TRUE, FALSE
Equations, TRUE, FALSE
Extended Password, TRUE, FALSE
Fast Math, TRUE, FALSE
Fencing, TRUE, FALSE
Flags, TRUE, FALSE
Flashing Lights, TRUE, FALSE
Free Parking, TRUE, FALSE
Friendship, TRUE, FALSE
Fruits, TRUE, FALSE
Graffiti Numbers, TRUE, FALSE
Greek Calculus, TRUE, FALSE
Grid Matching, TRUE, FALSE
Guitar Chords, TRUE, FALSE
Heraldry, TRUE, FALSE
Hidden Colors, TRUE, FALSE
Hide and Seek, TRUE, FALSE
Hogwarts, TRUE, FALSE
Horrible Memory, TRUE, FALSE
HTTP Response, TRUE, FALSE
Hunting, TRUE, FALSE
Identity Parade, TRUE, FALSE
Increasing Indices, TRUE, FALSE
Insanagrams, TRUE, FALSE
Instructions, TRUE, FALSE
Iñupiaq Numerals, TRUE, FALSE
Keystrokes, TRUE, FALSE
Ladder Lottery, TRUE, FALSE
Lasers, TRUE, FALSE
Laundry, TRUE, FALSE
LED Encryption, TRUE, FALSE
LED Grid, TRUE, FALSE
LED Math, TRUE, FALSE
Letters and Numbers, TRUE, FALSE
Lights Out, TRUE, FALSE
Logic, TRUE, FALSE
Logic Chess, TRUE, FALSE
Logic Gates, TRUE, FALSE
Maintenance, TRUE, FALSE
Malfunctioning RGB Logic, TRUE, FALSE
Malfunctions, TRUE, FALSE
Markscript, TRUE, FALSE
Mastermind Cruel, TRUE, FALSE
Mastermind Simple, TRUE, FALSE
Matrices, TRUE, FALSE
Maze Rush, TRUE, FALSE
Maze³, TRUE, FALSE
Modern Cipher, TRUE, FALSE
Module Homework, TRUE, FALSE
Module Maneuvers, TRUE, FALSE
Module Movements, TRUE, FALSE
Modules Against Humanity, TRUE, FALSE
Modulo, TRUE, FALSE
Modulo Maze, TRUE, FALSE
Mortal Kombat, TRUE, FALSE
Natures, TRUE, FALSE
Needy Game of Life, TRUE, FALSE
Needy Pi, TRUE, FALSE
Needy Piano, TRUE, FALSE
Neutralization, TRUE, FALSE
Not The Binary Light, TRUE, FALSE
Not The Curious Light, TRUE, FALSE
Not The Psychic Light, TRUE, FALSE
Office Job, TRUE, FALSE
Pentris Sprint, TRUE, FALSE
Permutations, TRUE, FALSE
S, TRUE, FALSE
Simon's Satire, TRUE, FALSE
Simon's Scytale, TRUE, FALSE
Sueet Wall, TRUE, FALSE
Swapsies, TRUE, FALSE
Swippy Swappy, TRUE, FALSE
Terminology, TRUE, FALSE
The Binary Light, TRUE, FALSE
The Colored Maze, TRUE, FALSE
The Cube, TRUE, FALSE
The Curious Light, TRUE, FALSE
The iPhone, TRUE, FALSE
The Jack-O'-Lantern, TRUE, FALSE
The Jukebox, TRUE, FALSE
The Light, TRUE, FALSE
The London Underground, TRUE, FALSE
The Moon, TRUE, FALSE
The Psychic Light, TRUE, FALSE
The Radio, TRUE, FALSE
Truchet Tiles, TRUE, FALSE
Withered Foxy, TRUE, FALSE
Yellow Face, TRUE, FALSE
Zoni, TRUE, FALSE
% Grey, FALSE, FALSE
...?, FALSE, FALSE
1000 Words, FALSE, FALSE
101 Dalmatians, FALSE, FALSE
16 Coins, FALSE, FALSE
3 LEDs, FALSE, FALSE
3×3 Yellow Cipher, FALSE, FALSE
3D Chess, FALSE, FALSE
6D Sliding Puzzle, FALSE, FALSE
A Letter, FALSE, FALSE
Actual 4×4×4 Sudoku, FALSE, FALSE
Adventure Game, FALSE, FALSE
Again, FALSE, FALSE
amogus, FALSE, FALSE
Anagrams, FALSE, FALSE
Anomalous Terminal, FALSE, FALSE
Another Keypad Module, FALSE, FALSE
Apple Pen, FALSE, FALSE
Art Appreciation, FALSE, FALSE
Astrology, FALSE, FALSE
Backdoor Hacking, FALSE, FALSE
Banana, FALSE, FALSE
Big Button Translated, FALSE, FALSE
Bitwise Oblivion, FALSE, FALSE
B-Machine, FALSE, FALSE
Boolean Maze, FALSE, FALSE
Boozleglyph Identification, FALSE, FALSE
Broken Karaoke, FALSE, FALSE
Brown Bricks, FALSE, FALSE
Butterflies, FALSE, FALSE
Button Messer, FALSE, FALSE
Cartiac Arrest, FALSE, FALSE
Chalices, FALSE, FALSE
Chinese Strokes, FALSE, FALSE
Chinese Zodiac, FALSE, FALSE
Cistercian Numbers, FALSE, FALSE
Clipping Triangles, FALSE, FALSE
Coffeebucks, FALSE, FALSE
Color Generator, FALSE, FALSE
Colorful Perspective, FALSE, FALSE
Combination Vault, FALSE, FALSE
Conditional Buttons, FALSE, FALSE
Contest IDs, FALSE, FALSE
Crazy Food, FALSE, FALSE
Crazy Talk, FALSE, FALSE
Cruel Colour Flash, FALSE, FALSE
Cruel Piano Keys, FALSE, FALSE
Cruel Synesthesia, FALSE, FALSE
Cruel Ten Seconds, FALSE, FALSE
Cryptography, FALSE, FALSE
Cube Synchronization, FALSE, FALSE
Cursed Vault, FALSE, FALSE
Customer Identification, FALSE, FALSE
DACH Maze, FALSE, FALSE
D-CIPHER, FALSE, FALSE
D-CODE, FALSE, FALSE
D-CRYPT, FALSE, FALSE
Decomposed RGB Arithmetic, FALSE, FALSE
Devilish, FALSE, FALSE
Dialtones, FALSE, FALSE
Diamonds, FALSE, FALSE
Dictation, FALSE, FALSE
Discolour Flash, FALSE, FALSE
Diversineedy, FALSE, FALSE
Division, FALSE, FALSE
Dossier Modifier, FALSE, FALSE
Double Maze, FALSE, FALSE
Draw, FALSE, FALSE
Dripping Triangles, FALSE, FALSE
Dumb Waiters, FALSE, FALSE
Edgework, FALSE, FALSE
Elevators, FALSE, FALSE
Emoji Math, FALSE, FALSE
English Test, FALSE, FALSE
Error Codes, FALSE, FALSE
Face Recognition, FALSE, FALSE
Falsifying Info, FALSE, FALSE
Faulty Sink, FALSE, FALSE
Festive Piano Keys, FALSE, FALSE
Filibuster, FALSE, FALSE
fit IN!, FALSE, FALSE
Flashing Cube, FALSE, FALSE
Flipping Triangles, FALSE, FALSE
Flower Button, FALSE, FALSE
Foaboru, FALSE, FALSE
Foreign Exchange Rates, FALSE, FALSE
Forget Me, FALSE, FALSE
Forget Perspective, FALSE, FALSE
Functions, FALSE, FALSE
Gerrymandering, FALSE, FALSE
Gnomish Puzzle, FALSE, FALSE
Graph Identification, FALSE, FALSE
Hiragana, FALSE, FALSE
Horsey, FALSE, FALSE
Hot Potato, FALSE, FALSE
Hyperactive Numbers, FALSE, FALSE
Hyperage, FALSE, FALSE
Hyperneedy, FALSE, FALSE
IKEA, FALSE, FALSE
Imbalance, FALSE, FALSE
Inside, FALSE, FALSE
Instant Insanity, FALSE, FALSE
Investigation, FALSE, FALSE
Jailbreak, FALSE, FALSE
Johnson Solids, FALSE, FALSE
Juxtacolour Flash, FALSE, FALSE
Katakana, FALSE, FALSE
Keywords, FALSE, FALSE
Koi-Koi, FALSE, FALSE
Kugelblitz, FALSE, FALSE
Laser Luring, FALSE, FALSE
LEGO Removal, FALSE, FALSE
LEGOs, FALSE, FALSE
Letter Keys, FALSE, FALSE
Letter Layers, FALSE, FALSE
Listening, FALSE, FALSE
Logic Plumbing, FALSE, FALSE
Lolbit, FALSE, FALSE
LOOK AT ME, FALSE, FALSE
M&Ms, FALSE, FALSE
M&Ns, FALSE, FALSE
Marco Polo, FALSE, FALSE
Matchmaker, FALSE, FALSE
Math, FALSE, FALSE
Mechanus Cipher, FALSE, FALSE
Mega Man Boss Rush, FALSE, FALSE
Melody Memory, FALSE, FALSE
Mental Math, FALSE, FALSE
Microcontroller, FALSE, FALSE
Mid Circle, FALSE, FALSE
Mind Meld, FALSE, FALSE
Mirror, FALSE, FALSE
Miscommunicated Black Arrows, FALSE, FALSE
Misery Squares, FALSE, FALSE
Mission Control, FALSE, FALSE
Mister Softee, FALSE, FALSE
Module Maze, FALSE, FALSE
Module Name, FALSE, FALSE
Morse Code Translated, FALSE, FALSE
Morse War, FALSE, FALSE
Motion Sense, FALSE, FALSE
Moved, FALSE, FALSE
Multicolored Switches, FALSE, FALSE
Multiplication, FALSE, FALSE
Multitracking, FALSE, FALSE
Murder, FALSE, FALSE
N, FALSE, FALSE
N&Ms, FALSE, FALSE
N&Ns, FALSE, FALSE
Needy Flower Mash, FALSE, FALSE
Needy Mrs Bob, FALSE, FALSE
Needy Wires, FALSE, FALSE
Negation, FALSE, FALSE
Never Fade Away, FALSE, FALSE
Next In Line, FALSE, FALSE
Noise Identification, FALSE, FALSE
Nomai, FALSE, FALSE
Nonagon Infinity, FALSE, FALSE
Nonbinary Puzzle, FALSE, FALSE
Nonogram, FALSE, FALSE
Not Blue Arrows, FALSE, FALSE
Not Capacitor Discharge, FALSE, FALSE
Not Colour Flash, FALSE, FALSE
Not Complicated Wires, FALSE, FALSE
Not Connection Check, FALSE, FALSE
Not Coordinates, FALSE, FALSE
Not Crazy Talk, FALSE, FALSE
Not Emoji Math, FALSE, FALSE
Not Green Arrows, FALSE, FALSE
Not Identification, FALSE, FALSE
Not Karnaugh Map, FALSE, FALSE
Not Keypad, FALSE, FALSE
Not Knob, FALSE, FALSE
Not Laundry, FALSE, FALSE
Not Maze, FALSE, FALSE
Not Memory, FALSE, FALSE
Not Morse Code, FALSE, FALSE
Not Morsematics, FALSE, FALSE
Not Murder, FALSE, FALSE
NOT NOT, FALSE, FALSE
Not Not Not, FALSE, FALSE
Not Number Pad, FALSE, FALSE
Not Password, FALSE, FALSE
Not Piano Keys, FALSE, FALSE
Not Port Check, FALSE, FALSE
Not Probing, FALSE, FALSE
Not Red Arrows, FALSE, FALSE
Not Saimoe Maze, FALSE, FALSE
Not Simaze, FALSE, FALSE
Not Symbolic Coordinates, FALSE, FALSE
Not Text Field, FALSE, FALSE
Not The Bulb, FALSE, FALSE
Not the Button, FALSE, FALSE
Not The Fan, FALSE, FALSE
Not The Plunger Button, FALSE, FALSE
Not Timer, FALSE, FALSE
Not Venting Gas, FALSE, FALSE
Not Who's on First, FALSE, FALSE
Not Wire Sequence, FALSE, FALSE
Not Wiresword, FALSE, FALSE
Not Word Search, FALSE, FALSE
Not X01, FALSE, FALSE
Not Yellow Arrows, FALSE, FALSE
nottuB ehT, FALSE, FALSE
Number Checker, FALSE, FALSE
Number Nimbleness, FALSE, FALSE
Number Sequence, FALSE, FALSE
Numbers, FALSE, FALSE
NumberWang, FALSE, FALSE
Numbrix, FALSE, FALSE
Numerical Knight Movement, FALSE, FALSE
Numpath, FALSE, FALSE
nya~, FALSE, FALSE
Obama Grocery Store, FALSE, FALSE
Object Shows, FALSE, FALSE
Off Keys, FALSE, FALSE
Old AI, FALSE, FALSE
Old Fogey, FALSE, FALSE
OmegaDestroyer, FALSE, FALSE
OmegaForget, FALSE, FALSE
OMISSION, FALSE, FALSE
Omni-Man, FALSE, FALSE
One Item One Meal, FALSE, FALSE
One Links To All, FALSE, FALSE
One-Line, FALSE, FALSE
Orange Arrows, FALSE, FALSE
Order Picking, FALSE, FALSE
Ordered Keys, FALSE, FALSE
Organization, FALSE, FALSE
Orientation Cube, FALSE, FALSE
osu!, FALSE, FALSE
Out of Time, FALSE, FALSE
Outrageous, FALSE, FALSE
Painting, FALSE, FALSE
Pandemonium Cipher, FALSE, FALSE
Papa's Pizzeria, FALSE, FALSE
Paperweights, FALSE, FALSE
Parity, FALSE, FALSE
Parliament, FALSE, FALSE
Partial Derivatives, FALSE, FALSE
Partitions, FALSE, FALSE
Party Time, FALSE, FALSE
Passcodes, FALSE, FALSE
Passcube, FALSE, FALSE
Passport Control, FALSE, FALSE
Password Generator, FALSE, FALSE
Password Mutilator EX, FALSE, FALSE
Passwords Translated, FALSE, FALSE
Patience, FALSE, FALSE
Pattern Lock, FALSE, FALSE
Patterns, FALSE, FALSE
Pawns, FALSE, FALSE
Pay Respects, FALSE, FALSE
Peekaboo, FALSE, FALSE
Pentomino Puzzle, FALSE, FALSE
Perceptron, FALSE, FALSE
Periodic Table, FALSE, FALSE
Periodic Words, FALSE, FALSE
Permuto, FALSE, FALSE
perspective eggs, FALSE, FALSE
Perspective Pegs, FALSE, FALSE
Perspective Stacking, FALSE, FALSE
Petroglyph, FALSE, FALSE
Phasmophobia, FALSE, FALSE
Phones, FALSE, FALSE
Piano Keys, FALSE, FALSE
Piano Paradox, FALSE, FALSE
Pickup Identification, FALSE, FALSE
Pictionary, FALSE, FALSE
Pie, FALSE, FALSE
Pie Flash, FALSE, FALSE
Piece Positioning, FALSE, FALSE
Pigfair Cipher, FALSE, FALSE
Pigpen Cycle, FALSE, FALSE
Pigpen Rotations, FALSE, FALSE
Pinches, FALSE, FALSE
Pineapple Pen, FALSE, FALSE
Pink Arrows, FALSE, FALSE
Pinpoint, FALSE, FALSE
Piragua, FALSE, FALSE
Pitch Perfect, FALSE, FALSE
Pixel Art, FALSE, FALSE
Pixel Cipher, FALSE, FALSE
Pixel Number Base, FALSE, FALSE
Placement Roulette, FALSE, FALSE
Plagiarism, FALSE, FALSE
Plant Identification, FALSE, FALSE
Playfair Cipher, FALSE, FALSE
Playfair Cycle, FALSE, FALSE
Plug-Ins, FALSE, FALSE
Pocket Planes, FALSE, FALSE
Poetry, FALSE, FALSE
Point Grid, FALSE, FALSE
Poker, FALSE, FALSE
Polybius Square, FALSE, FALSE
Polygons, FALSE, FALSE
Polygrid, FALSE, FALSE
Polyhedron Preparation, FALSE, FALSE
Polymodule, FALSE, FALSE
Polynomial Solver, FALSE, FALSE
Polyrhythms, FALSE, FALSE
Popufur, FALSE, FALSE
Port Check, FALSE, FALSE
Pou, FALSE, FALSE
Power Button, FALSE, FALSE
Presidential Elections, FALSE, FALSE
Press X, FALSE, FALSE
Pride Identification, FALSE, FALSE
Prime Checker, FALSE, FALSE
Prime Encryption, FALSE, FALSE
Prime Time, FALSE, FALSE
Prison Break, FALSE, FALSE
Probing, FALSE, FALSE
Procedure, FALSE, FALSE
Pseudocrypt, FALSE, FALSE
Purchasing Properties, FALSE, FALSE
Purgatory, FALSE, FALSE
Purple Arrows, FALSE, FALSE
Puzzle Pandemonium, FALSE, FALSE
Puzzle Panel, FALSE, FALSE
Q, FALSE, FALSE
QR Code, FALSE, FALSE
Quadruple Simpleton, FALSE, FALSE
Quantum Ternary Converter, FALSE, FALSE
Quaternions, FALSE, FALSE
Qubits, FALSE, FALSE
Queen's War, FALSE, FALSE
Question Mark, FALSE, FALSE
Quick Arithmetic, FALSE, FALSE
Quick Time Events, FALSE, FALSE
Quilting, FALSE, FALSE
Quintuples, FALSE, FALSE
Quiplash, FALSE, FALSE
Quirky Qwerty, FALSE, FALSE
Quiz Buzz, FALSE, FALSE
QWERTY Coordinates, FALSE, FALSE
Qwirkle, FALSE, FALSE
Radiator, FALSE, FALSE
Raiding Temples, FALSE, FALSE
Railway Cargo Loading, FALSE, FALSE
Rain, FALSE, FALSE
Rain Hell, FALSE, FALSE
Rambopo, FALSE, FALSE
Random Access Memory, FALSE, FALSE
Random Number Generator, FALSE, FALSE
Rapid Buttons, FALSE, FALSE
Raster Prime, FALSE, FALSE
Reaction, FALSE, FALSE
Reading Between the Lines, FALSE, FALSE
Rebooting M-OS, FALSE, FALSE
Recolored Switches, FALSE, FALSE
Recorded Keys, FALSE, FALSE
Recursive Password, FALSE, FALSE
Red Arrows, FALSE, FALSE
Red Herring, FALSE, FALSE
Red Huffman Cipher, FALSE, FALSE
Red Light Green Light, FALSE, FALSE
Red Square, FALSE, FALSE
Red Switches, FALSE, FALSE
Refill that Beer!, FALSE, FALSE
Reflex, FALSE, FALSE
Reflex Factory, FALSE, FALSE
ReGret-B Filtering, FALSE, FALSE
ReGrettaBle Relay, FALSE, FALSE
Regular Hexpressions, FALSE, FALSE
Regular Show, FALSE, FALSE
Regular Sudoku, FALSE, FALSE
Relic Song, FALSE, FALSE
Remember Me Now, FALSE, FALSE
Remember Simple, FALSE, FALSE
Remembern't Simple, FALSE, FALSE
Reordered Keys, FALSE, FALSE
Repo Selector, FALSE, FALSE
Reporting Anomalies, FALSE, FALSE
REPSEQ, FALSE, FALSE
Resistors, FALSE, FALSE
Retirement, FALSE, FALSE
Reverse Alphabetize, FALSE, FALSE
Reverse Morse, FALSE, FALSE
Reverse Polish Notation, FALSE, FALSE
Reversed Edgework, FALSE, FALSE
RGB Arithmetic, FALSE, FALSE
RGB Chess, FALSE, FALSE
RGB Hypermaze, FALSE, FALSE
RGB Logic, FALSE, FALSE
RGB Maze, FALSE, FALSE
RGB Mixing, FALSE, FALSE
RGB Quiz, FALSE, FALSE
RGB Sequences, FALSE, FALSE
Rhythm Test, FALSE, FALSE
Risky Wires, FALSE, FALSE
RNG Crystal, FALSE, FALSE
Ro, FALSE, FALSE
Robo-Scanner, FALSE, FALSE
Rock-Paper-Scissors-Lizard-Spock, FALSE, FALSE
Roger, FALSE, FALSE
Roman Art, FALSE, FALSE
Roman Numerals, FALSE, FALSE
Roshambo, FALSE, FALSE
Rotating Squares, FALSE, FALSE
Routing, FALSE, FALSE
Royal Piano Keys, FALSE, FALSE
RPS Judging, FALSE, FALSE
RPS Tournament, FALSE, FALSE
RSA Cipher, FALSE, FALSE
Rubik's Clock, FALSE, FALSE
Rubik's Slide, FALSE, FALSE
Rule of Three, FALSE, FALSE
Rules, FALSE, FALSE
Rullo, FALSE, FALSE
Rune Match I, FALSE, FALSE
Rune Match II, FALSE, FALSE
Rune Match III, FALSE, FALSE
Run-On Sentence, FALSE, FALSE
Rusted Morsematics, FALSE, FALSE
Rustic Reversal, FALSE, FALSE
S.E.T. Theory, FALSE, FALSE
Safety Square, FALSE, FALSE
Saimoe Maze, FALSE, FALSE
Saimoe Pad, FALSE, FALSE
Saul Goodman Button, FALSE, FALSE
Say Shells, FALSE, FALSE
Scalar Dials, FALSE, FALSE
Scavenger Hunt, FALSE, FALSE
Schlag den Bomb, FALSE, FALSE
Scrabble Scramble, FALSE, FALSE
Scrambled Periodic Words, FALSE, FALSE
Scramboozled Eggain, FALSE, FALSE
Scratch-Off, FALSE, FALSE
Scrutiny Squares, FALSE, FALSE
Sea Bear Attacks, FALSE, FALSE
Sea Shells, FALSE, FALSE
Secret Santa, FALSE, FALSE
Security Council, FALSE, FALSE
Seeded Maze, FALSE, FALSE
Semabols, FALSE, FALSE
Semamorse, FALSE, FALSE
Semaphore, FALSE, FALSE
Sensor Maze, FALSE, FALSE
Sequences, FALSE, FALSE
Set Connections, FALSE, FALSE
Setting Charges, FALSE, FALSE
Setting Sail, FALSE, FALSE
Settlers of KTaNE, FALSE, FALSE
Seven Choose Four, FALSE, FALSE
Seven Deadly Sins, FALSE, FALSE
Seven Wires, FALSE, FALSE
Shape Cipher, FALSE, FALSE
Shape Fill, FALSE, FALSE
Shape Shift, FALSE, FALSE
Shapes And Bombs, FALSE, FALSE
Shapes and Colors, FALSE, FALSE
Shashki, FALSE, FALSE
Shattered, FALSE, FALSE
Shell Game, FALSE, FALSE
Shifted Maze, FALSE, FALSE
Shikaku, FALSE, FALSE
Shipping Triangles, FALSE, FALSE
Shiritori, FALSE, FALSE
Shoddy Chess, FALSE, FALSE
Shogi Identification, FALSE, FALSE
Shortcuts, FALSE, FALSE
Shuffled Strings, FALSE, FALSE
Shufflewords, FALSE, FALSE
Shut-the-Box, FALSE, FALSE
Sickening Maze, FALSE, FALSE
Siffron, FALSE, FALSE
Signals, FALSE, FALSE
SI-HTS, FALSE, FALSE
Silenced Simon, FALSE, FALSE
Silhouettes, FALSE, FALSE
Silo Authorization, FALSE, FALSE
Simon Forgets, FALSE, FALSE
Simon Said, FALSE, FALSE
Simon Samples, FALSE, FALSE
Simon Scrambles, FALSE, FALSE
Simon Selects, FALSE, FALSE
Simon Senses, FALSE, FALSE
Simon Serves, FALSE, FALSE
Simon Shapes, FALSE, FALSE
Simon Shifts, FALSE, FALSE
Simon Shines, FALSE, FALSE
Simon Shorts, FALSE, FALSE
Simon Shouts, FALSE, FALSE
Simon Shrieks, FALSE, FALSE
Simon Simons, FALSE, FALSE
Simon Sings, FALSE, FALSE
Simon Smiles, FALSE, FALSE
Simon Smothers, FALSE, FALSE
Simon Sounds, FALSE, FALSE
Simon Speaks, FALSE, FALSE
Simon Spins, FALSE, FALSE
Simon Squawks, FALSE, FALSE
Simon Stacks, FALSE, FALSE
Simon Stashes, FALSE, FALSE
Simon Stops, FALSE, FALSE
Simon Stores, FALSE, FALSE
Simon Stumbles, FALSE, FALSE
Simon Subdivides, FALSE, FALSE
Simon Supports, FALSE, FALSE
Simon Swindles, FALSE, FALSE
Simon Swizzles, FALSE, FALSE
Simon's On First, FALSE, FALSE
Simon's Sequence, FALSE, FALSE
Simon's Stages, FALSE, FALSE
Simon's Star, FALSE, FALSE
Simon's Swarm, FALSE, FALSE
Simon's Ultimate Showdown, FALSE, FALSE
Simpleton't, FALSE, FALSE
Simplified Keypad, FALSE, FALSE
Simply Simon, FALSE, FALSE
Sink, FALSE, FALSE
SixTen, FALSE, FALSE
Skewed Slots, FALSE, FALSE
Skewers, FALSE, FALSE
Skinny Wires, FALSE, FALSE
Skipping Triangles, FALSE, FALSE
Skyrim, FALSE, FALSE
Slipping Triangles, FALSE, FALSE
Slow Math, FALSE, FALSE
Small Circle, FALSE, FALSE
Snack Attack, FALSE, FALSE
Snooker, FALSE, FALSE
Snowflakes, FALSE, FALSE
Soda, FALSE, FALSE
Soil Classification, FALSE, FALSE
Solar Reorder, FALSE, FALSE
Solitaire Cipher, FALSE, FALSE
Solve/Strike, FALSE, FALSE
Sonic & Knuckles, FALSE, FALSE
Sonic the Hedgehog, FALSE, FALSE
Sorry Sliders, FALSE, FALSE
Soulscream, FALSE, FALSE
Soulsong, FALSE, FALSE
Sound Design, FALSE, FALSE
Souvenir, FALSE, FALSE
Space, FALSE, FALSE
Space Traders, FALSE, FALSE
Spangled Stars, FALSE, FALSE
Spatiolocation, FALSE, FALSE
Speak English, FALSE, FALSE
Specter Maze, FALSE, FALSE
Spectre Maze, FALSE, FALSE
Speed Test, FALSE, FALSE
Speedrun, FALSE, FALSE
Spelling Bee, FALSE, FALSE
Spelling Buzzed, FALSE, FALSE
Spiderman 2004, FALSE, FALSE
Spilling Paint, FALSE, FALSE
Spinning Buttons, FALSE, FALSE
Splitting The Loot, FALSE, FALSE
Spongebob Birthday Identification, FALSE, FALSE
Spongebob Patrick Squidward Sandy, FALSE, FALSE
Sporadic Segments, FALSE, FALSE
Spot the Difference, FALSE, FALSE
SpriteClub Betting Simulation, FALSE, FALSE
Sprouts, FALSE, FALSE
Stability, FALSE, FALSE
Stable Time Signatures, FALSE, FALSE
Stacked Sequences, FALSE, FALSE
Stack'em, FALSE, FALSE
Stain Removal, FALSE, FALSE
Stained Glass, FALSE, FALSE
Star Navigator, FALSE, FALSE
Starmap Reconstruction, FALSE, FALSE
Stars, FALSE, FALSE
Starstruck, FALSE, FALSE
State of Aggregation, FALSE, FALSE
Steam Selector, FALSE, FALSE
Stellar, FALSE, FALSE
Stenography, FALSE, FALSE
Sticky Notes, FALSE, FALSE
Stock Images, FALSE, FALSE
Stock Squares, FALSE, FALSE
Stoichiometry, FALSE, FALSE
Street Fighter, FALSE, FALSE
Strike/Solve, FALSE, FALSE
Stupid Slots, FALSE, FALSE
Subbly Jubbly, FALSE, FALSE
Subscribe to Pewdiepie, FALSE, FALSE
Subtraction, FALSE, FALSE
Subway, FALSE, FALSE
Subways, FALSE, FALSE
Sudokulocation, FALSE, FALSE
Suffering Maze, FALSE, FALSE
Sugar Skulls, FALSE, FALSE
Superlogic, FALSE, FALSE
Superparsing, FALSE, FALSE
Superposition, FALSE, FALSE
Survey Says, FALSE, FALSE
SUSadmin, FALSE, FALSE
Swish, FALSE, FALSE
Switch Placement, FALSE, FALSE
Switches, FALSE, FALSE
Sword of Damocles, FALSE, FALSE
Symbol Cycle, FALSE, FALSE
Symbol Pad, FALSE, FALSE
Symbolic Colouring, FALSE, FALSE
Symbolic Coordinates, FALSE, FALSE
Symbolic Tasha, FALSE, FALSE
Symmetries Of A Square, FALSE, FALSE
Symmetry Shuffle, FALSE, FALSE
SYNC-125 [3], FALSE, FALSE
Synesthesia, FALSE, FALSE
Synonyms, FALSE, FALSE
Sysadmin, FALSE, FALSE
Syzygy, FALSE, FALSE
Table Madness, FALSE, FALSE
Taco Tuesday, FALSE, FALSE
Taking Sides, FALSE, FALSE
Tallordered Keys, FALSE, FALSE
Tangled Wires, FALSE, FALSE
Tangrams, FALSE, FALSE
Tap Code, FALSE, FALSE
Tap Fast, FALSE, FALSE
Tasha Squeals, FALSE, FALSE
Tasque Managing, FALSE, FALSE
Tax Returns, FALSE, FALSE
Teal Arrows, FALSE, FALSE
Tech Support, FALSE, FALSE
Technical Buttons, FALSE, FALSE
Telepathy, FALSE, FALSE
Temperature Regulation, FALSE, FALSE
Ten Aliens, FALSE, FALSE
Ten Seconds, FALSE, FALSE
Ten-Button Color Code, FALSE, FALSE
Tenpins, FALSE, FALSE
Tents, FALSE, FALSE
Termite, FALSE, FALSE
Ternary Converter, FALSE, FALSE
Tesseractivity, FALSE, FALSE
Tether, FALSE, FALSE
Tetrahedron, FALSE, FALSE
Tetramorse, FALSE, FALSE
Tetriamonds, FALSE, FALSE
Tetris, FALSE, FALSE
Tetris Sprint, FALSE, FALSE
Text Field, FALSE, FALSE
"The 1, 2, 3 Game", FALSE, FALSE
The Amber Button, FALSE, FALSE
The Aqua Button, FALSE, FALSE
The Arena, FALSE, FALSE
The Azure Button, FALSE, FALSE
The Bioscanner, FALSE, FALSE
The Black Button, FALSE, FALSE
The Black Page, FALSE, FALSE
The Block, FALSE, FALSE
The Blue Button, FALSE, FALSE
The Calculator, FALSE, FALSE
The Clock, FALSE, FALSE
The Close Button, FALSE, FALSE
The Code, FALSE, FALSE
The Colored Fan, FALSE, FALSE
The Colored Peg, FALSE, FALSE
The Cornflower Button, FALSE, FALSE
The Cruel Duck, FALSE, FALSE
The cRule, FALSE, FALSE
The Crystal Maze, FALSE, FALSE
The Cyan Button, FALSE, FALSE
The Dealmaker, FALSE, FALSE
The Dials, FALSE, FALSE
The Digit, FALSE, FALSE
The Duck, FALSE, FALSE
The Exploding Pen, FALSE, FALSE
The Fan, FALSE, FALSE
The Festive Jukebox, FALSE, FALSE
The Fidget Spinner, FALSE, FALSE
The Furloid Jukebox, FALSE, FALSE
The Gamepad, FALSE, FALSE
The Garnet Thief, FALSE, FALSE
The Glitched Button, FALSE, FALSE
The Gray Button, FALSE, FALSE
The Green Button, FALSE, FALSE
The Hangover, FALSE, FALSE
The Heart, FALSE, FALSE
The Hexabutton, FALSE, FALSE
The Hidden Value, FALSE, FALSE
The Icon Kit, FALSE, FALSE
The Kanye Encounter, FALSE, FALSE
The Labyrinth, FALSE, FALSE
The Maroon Button, FALSE, FALSE
The Midnight Motorist, FALSE, FALSE
The Mini Game, FALSE, FALSE
The Missing Letter, FALSE, FALSE
The Navy Button, FALSE, FALSE
The Next Letter Game, FALSE, FALSE
The Number, FALSE, FALSE
The Number Cipher, FALSE, FALSE
The Number Game, FALSE, FALSE
The Orange Button, FALSE, FALSE
The Phrase Maze, FALSE, FALSE
The Pink Button, FALSE, FALSE
The Plunger, FALSE, FALSE
The Plunger Button, FALSE, FALSE
The Purple Button, FALSE, FALSE
The Red Button, FALSE, FALSE
The Rule, FALSE, FALSE
The Samsung, FALSE, FALSE
The Sapphire Button, FALSE, FALSE
The Screw, FALSE, FALSE
The Sequencyclopedia, FALSE, FALSE
The Shaker, FALSE, FALSE
The Simpleton, FALSE, FALSE
The Speaker, FALSE, FALSE
The Sphere, FALSE, FALSE
The Sporglers, FALSE, FALSE
The Stampycat, FALSE, FALSE
The Stare, FALSE, FALSE
The Starting Line, FALSE, FALSE
The Stock Market, FALSE, FALSE
The Stopwatch, FALSE, FALSE
The Sun, FALSE, FALSE
The Swan, FALSE, FALSE
The Switch, FALSE, FALSE
The Teal Button, FALSE, FALSE
The Teardrop, FALSE, FALSE
The Temple Run, FALSE, FALSE
The Time Keeper, FALSE, FALSE
The Triangle, FALSE, FALSE
The Triangle Button, FALSE, FALSE
The Troll, FALSE, FALSE
The Twin, FALSE, FALSE
The Ultracube, FALSE, FALSE
The Very Annoying Button, FALSE, FALSE
The White Button, FALSE, FALSE
The Wire, FALSE, FALSE
The Witness, FALSE, FALSE
The World's Largest Button, FALSE, FALSE
The Year, FALSE, FALSE
The Yellow Button, FALSE, FALSE
Thermoregulation, FALSE, FALSE
Thinking Wires, FALSE, FALSE
Third Base, FALSE, FALSE
Thirty Dollar Module, FALSE, FALSE
Thread the Needle, FALSE, FALSE
Three Bits, FALSE, FALSE
Three Cryptic Steps, FALSE, FALSE
Three Sentence Horror, FALSE, FALSE
Time Machine, FALSE, FALSE
Time Signatures, FALSE, FALSE
Timed Out, FALSE, FALSE
Timezone, FALSE, FALSE
Timing is Everything, FALSE, FALSE
Tipping Triangles, FALSE, FALSE
Toe Tactics, FALSE, FALSE
Toolmods, FALSE, FALSE
Toolneedy, FALSE, FALSE
Toon Enough, FALSE, FALSE
Top 10 Numbers, FALSE, FALSE
Topsy Turvy, FALSE, FALSE
Torment, FALSE, FALSE
Totally Accurate Minecraft Simulator, FALSE, FALSE
Touch Transmission, FALSE, FALSE
Tower of Hanoi, FALSE, FALSE
Towers, FALSE, FALSE
Toxic Crystals, FALSE, FALSE
Traffic Board, FALSE, FALSE
Training Text, FALSE, FALSE
Transmission Transposition, FALSE, FALSE
Transmitted Morse, FALSE, FALSE
Treasure Hunt, FALSE, FALSE
Triamonds, FALSE, FALSE
Triangle Buttons, FALSE, FALSE
Tribal Council, FALSE, FALSE
Tricon, FALSE, FALSE
Triple Traversal, FALSE, FALSE
Triple Vision, FALSE, FALSE
Tripping Triangles, FALSE, FALSE
Triskaideka, FALSE, FALSE
Turing Machine, FALSE, FALSE
Turing Machine Nightmare, FALSE, FALSE
Turn Four, FALSE, FALSE
Turn The Key, FALSE, FALSE
Turn The Keys, FALSE, FALSE
Turtle Robot, FALSE, FALSE
Twister, FALSE, FALSE
Twisty Terminals, FALSE, FALSE
Twisty Wire Hexaterminals, FALSE, FALSE
Two Bits, FALSE, FALSE
Two Knobs, FALSE, FALSE
Two Persuasive Buttons, FALSE, FALSE
T-Words, FALSE, FALSE
Tyler Verifies, FALSE, FALSE
Type Racer, FALSE, FALSE
Übermodule, FALSE, FALSE
UFO Satellites, FALSE, FALSE
Ultimate Custom Night, FALSE, FALSE
Ultimate Cycle, FALSE, FALSE
Ultra Digital Root, FALSE, FALSE
Ultralogic, FALSE, FALSE
UltraStores, FALSE, FALSE
Uncolored Keys, FALSE, FALSE
Uncolored Switches, FALSE, FALSE
Uncolour Flash, FALSE, FALSE
Undertunneling, FALSE, FALSE
Unfair Cipher, FALSE, FALSE
Unicode, FALSE, FALSE
UNO!, FALSE, FALSE
Unordered Keys, FALSE, FALSE
Unown Cipher, FALSE, FALSE
Unpleasant Squares, FALSE, FALSE
Unrelated Anagrams, FALSE, FALSE
Untouchable, FALSE, FALSE
UraMasyu, FALSE, FALSE
USA Cycle, FALSE, FALSE
USA Maze, FALSE, FALSE
V, FALSE, FALSE
Validation, FALSE, FALSE
Valued Keys, FALSE, FALSE
Valves, FALSE, FALSE
Varicolour Flash, FALSE, FALSE
Vcrcs, FALSE, FALSE
Vectors, FALSE, FALSE
Venting Gas Translated, FALSE, FALSE
Vexillology, FALSE, FALSE
Video Poker, FALSE, FALSE
Vigenère Cipher, FALSE, FALSE
Vigilant Psycho, FALSE, FALSE
Visual Impairment, FALSE, FALSE
Voltaic Morse, FALSE, FALSE
Voltorb Flip, FALSE, FALSE
Voronoi Maze, FALSE, FALSE
Wack Game of Life, FALSE, FALSE
Walking Cube, FALSE, FALSE
Wander, FALSE, FALSE
WAR, FALSE, FALSE
Warning Signs, FALSE, FALSE
WASD, FALSE, FALSE
Waste Management, FALSE, FALSE
Watch the Clock, FALSE, FALSE
Watching Paint Dry, FALSE, FALSE
Wavetapping, FALSE, FALSE
Web Design, FALSE, FALSE
Weekdays, FALSE, FALSE
Weezer, FALSE, FALSE
Weird Al Yankovic, FALSE, FALSE
Westeros, FALSE, FALSE
Whack The Cops, FALSE, FALSE
What's on Second, FALSE, FALSE
Wheel of Fortune Arcade, FALSE, FALSE
White Arrows, FALSE, FALSE
White Hole, FALSE, FALSE
Whiteout, FALSE, FALSE
WhoOF, FALSE, FALSE
Who's on First Translated, FALSE, FALSE
Who's on Morse, FALSE, FALSE
Widdershins, FALSE, FALSE
Widgetry, FALSE, FALSE
Wild Side, FALSE, FALSE
Wire Placement, FALSE, FALSE
Wire Spaghetti, FALSE, FALSE
Wire Terminals, FALSE, FALSE
"Wolf, Goat, and Cabbage", FALSE, FALSE
Wonder Cipher, FALSE, FALSE
Word Count, FALSE, FALSE
Word Encryption, FALSE, FALSE
Word Scramble, FALSE, FALSE
Wordpath, FALSE, FALSE
Words, FALSE, FALSE
Working Title, FALSE, FALSE
Worse Code, FALSE, FALSE
Worse Venn Diagram, FALSE, FALSE
X, FALSE, FALSE
X01, FALSE, FALSE
XmORse Code, FALSE, FALSE
XO, FALSE, FALSE
xobekuJ ehT, FALSE, FALSE
XOR Shift, FALSE, FALSE
X-Radar, FALSE, FALSE
X-RGB, FALSE, FALSE
X-Ring, FALSE, FALSE
X-Rotor, FALSE, FALSE
XY-Ray, FALSE, FALSE
Y, FALSE, FALSE
Yoshi Egg, FALSE, FALSE
Z, FALSE, FALSE
Zendo, FALSE, FALSE
"Zero, Zero", FALSE, FALSE
Zero-Resistance, FALSE, FALSE
Zoom, FALSE, FALSE
zzz, FALSE, FALSE
Faulty 14 Segment Display, UNKNOWN, UNKNOWN
Signal Driveway, UNKNOWN, UNKNOWN
Simon s'Morse, UNKNOWN, UNKNOWN
